{
    "agents": {
        "human": {
            "amount": 8,
            "flows": {
                "in": {
                    "food": {
                        "value": 0.0325
                    }
                }
            }
        },
        "concrete": {
            "amount": 15800,
            "attributes": {
                "carbonation": 0.03
            }
        },
        "b2_power_gen": {
            "amount": 1
        },
        "crew_habitat_b2": {
            "amount": 1000,
            "storage": {
                "n2": 11523.481375,
                "o2": 2055.064375,
                "co2": 43.988,
                "h2o": 123.71625
            }
        },
        "greenhouse_b2": {
            "amount": 2000,
            "storage": {
                "n2": 36906.1575,
                "o2": 6581.7375,
                "co2": 140.88,
                "h2o": 396.225
            }
        },
        "rainforest_biome": {
            "amount": 2000,
            "storage": {
                "n2": 30283.5875,
                "o2": 5400.6875,
                "co2": 115.6,
                "h2o": 325.125
            }
        },
        "desert_biome": {
            "amount": 1400,
            "storage": {
                "n2": 18442.6,
                "o2": 3289.0,
                "co2": 70.4,
                "h2o": 198.0
            }
        },
        "ocean_biome": {
            "amount": 863,
            "storage": {
                "n2": 15047.82032,
                "o2": 2683.5847999999996,
                "co2": 57.441280000000006,
                "h2o": 161.55360000000002
            }
        },
        "savannah_biome": {
            "amount": 1637,
            "storage": {
                "n2": 28543.77968,
                "o2": 5090.4151999999995,
                "co2": 108.95872,
                "h2o": 306.4464
            }
        },
        "west_lung": {
            "amount": 1800,
            "storage": {
                "n2": 15718.125000000002,
                "o2": 2803.1250000000005,
                "co2": 60.00000000000001,
                "h2o": 168.75000000000003
            }
        },
        "south_lung": {
            "amount": 1800,
            "storage": {
                "n2": 15718.125000000002,
                "o2": 2803.1250000000005,
                "co2": 60.00000000000001,
                "h2o": 168.75000000000003
            }
        },
        "atmosphere_equalizer": {
            "amount": 1
        },
        "rice": {
            "amount": 214,
            "properties": {
                "density_factor": {
                    "value": 0.5
                }
            }
        },
        "wheat": {
            "amount": 149,
            "properties": {
                "density_factor": {
                    "value": 0.5
                }
            }
        },
        "sorghum": {
            "amount": 105,
            "properties": {
                "density_factor": {
                    "value": 0.5
                }
            }
        },
        "peanut": {
            "amount": 68,
            "properties": {
                "density_factor": {
                    "value": 0.5
                }
            }
        },
        "corn": {
            "amount": 197,
            "properties": {
                "density_factor": {
                    "value": 0.5
                }
            }
        },
        "dry_bean": {
            "amount": 784,
            "properties": {
                "density_factor": {
                    "value": 0.5
                }
            }
        },
        "sweet_potato": {
            "amount": 784,
            "properties": {
                "density_factor": {
                    "value": 0.5
                }
            }
        },
        "vegetables": {
            "amount": 141,
            "properties": {
                "density_factor": {
                    "value": 0.5
                }
            }
        },
        "soybean": {
            "amount": 132,
            "properties": {
                "density_factor": {
                    "value": 0.5
                }
            }
        },
        "orchard": {
            "amount": 261,
            "properties": {
                "density_factor": {
                    "value": 0.5
                }
            }
        },
        "red_beet": {
            "amount": 784,
            "properties": {
                "density_factor": {
                    "value": 0.5
                }
            }
        },
        "food_storage": {
            "amount": 1,
            "storage": {
                "rice": 29.566178502348716,
                "wheat": 20.58579718154186,
                "dry_bean": 108.31721470019343,
                "peanut": 9.394860458690244,
                "soybean": 18.2370820668693,
                "red_beet": 108.31721470019343,
                "sweet_potato": 108.31721470019343,
                "sorghum": 14.506769825918761,
                "vegetables": 19.48051948051948,
                "corn": 27.21746338767615,
                "orchard": 36.05968499585521
            }
        },
        "b2_sun": {
            "amount": 1
        },
        "water_storage": {
            "amount": 37,
            "storage": {
                "potable": 147885.30000000002,
                "treated": 16431.7
            }
        },
        "nutrient_storage": {
            "amount": 10,
            "storage": {
                "fertilizer": 10000
            }
        },
        "power_storage": {
            "amount": 1,
            "storage": {
                "kwh": 1000
            }
        },
        "solid_waste_aerobic_bioreactor": {
            "amount": 1
        },
        "urine_recycling_processor_VCD": {
            "amount": 1
        },
        "multifiltration_purifier_post_treatment": {
            "amount": 50
        },
        "co2_removal_SAWD": {
            "amount": 5,
            "flows": {
                "in": {
                    "co2": {
                        "criteria": {
                            "in_co2_ratio": {
                                "value": 0.0025
                            }
                        }
                    }
                }
            }
        },
        "co2_makeup_valve": {
            "amount": 5
        },
        "dehumidifier": {
            "amount": 50
        },
        "o2_makeup_valve": {
            "amount": 180
        },
        "o2_storage": {
            "amount": 1,
            "storage": {
                "o2": 11288
            }
        },
        "co2_storage": {
            "amount": 1
        }
    },
    "termination": [
        {
            "condition": "time",
            "value": 257,
            "unit": "day"
        }
    ],
    "seed": 1000,
    "start_time": "1993-01-12",
    "location": "earth",
    "priorities": [
        "structures",
        "storage",
        "power_generation",
        "inhabitants",
        "eclss",
        "plants"
    ]
}